Tên dịch vụ,Thời gian (phút),Giá tiền (VNĐ),Hoa hồng KTV (VNĐ)
Mụn Y khoa,90,350000,17000
Massage relax,90,350000,17000
Chăm sóc da đa tầng,60,350000,17000
Bồ Kết,30,89000,6900
Ngủ 1 chút,45,128000,12800
Ngủ 1 giấc,60,188000,18800
Ngủ quên lối về,90,348000,34800
Ngủ quên lối về KM,90,199000,34800
Tẩy da chết da đầu,10,45000,
Mặt nạ thiên nhiên,5,30000,
Mặt nạ nhau thai cao cấp,,,
Ngâm chân,,,
Xông hơi,,,
Cổ vai gáy,30,89000,13000
Cổ vai gáy chuyên sâu,50,189000,25000
Massage lưng,30,109000,13000
Đầu vai cổ gáy tay,30,149000,13000
Foot care,75,260000,37000
Cạo gió thải hàn khí,60,350000,30000
Trị liệu cảm mạo phong hàn,60,350000,35000
Massage body dầu đá 40p,40,,24000
Massage body dầu đá 60p,60,300000,35000
Massage body dầu đá 90p,90,340000,40000
Massage body dầu đá 120p,120,420000,45000
Massage body Thái 40p,40,,24000
Massage body Thái 60p,60,350000,35000
Masage body Thái 90p,90,390000,40000
Massage body Thái 120p,120,460000,45000
Masage Genus 90p,90,420000,40000
Massage Genus 120p,120,500000,45000
Combo Thân an tâm an,120,499000,45000
Combo Thẩn thờ,90,329000,40000
Combo Thẩn thờ KM,90,199000,36000
Combo Trị liệu giảm stress 75p,75,,36000
Combo Trị liệu giảm stress 120p,120,399000,45000
Combo Trị liệu giảm stress 120p KM,120,319000,45000
Triệt nách,10,49000,5000
Triệt mép,10,49000,5000
Triệt trán,10,49000,5000
Triệt mặt,10,49000,5000
Triệt 1/2 tay,10,49000,5000
Triệt full tay,10,108000,9000
Triệt 1/2 chân,10,108000,9000
Triệt full chân,10,300000,12000
Triệt bikini,10,108000,9000
Happy hour 199k,90,199000,40000
Mụn + gội 199k,90,199000,17000
Mụn lưng,90,650000,20000
Nuôi Da,40,65000,8000
Combo Xuân 1 - 99K,60,99000,9900
Combo Xuân 2 - 199K,75,199000,19900
Thẻ Tết Đến Dáng Xinh (15 lần dịch vụ bất kì dưới 500.000),,3290000,98700
Thẻ Massage,,2700000,81000
Thẻ 2000000,,2000000,60000
Mụn Y khoa DT,90,,17000
Massage relax DT,90,,17000
Chăm sóc da đa tầng DT,60,,17000
Bồ Kết DT,30,,6900
Ngủ 1 chút DT,45,,12800
Ngủ 1 giấc DT,60,,18800
Ngủ quên lối về DT,90,,34800
Tẩy da chết da đầu DT,10,,
Mặt nạ thiên nhiên DT,5,,
Mặt nạ nhau thai cao cấp DT,,,
Ngâm chân DT,,,
Xông hơi DT,,,
Cổ vai gáy DT,30,,13000
Cổ vai gáy chuyên sâu DT,50,,25000
Massage lưng DT,30,,13000
Đầu vai cổ gáy tay DT,30,,13000
Foot care DT,75,,37000
Cạo gió thải hàn khí DT,60,,30000
Trị liệu cảm mạo phong hàn DT,60,,35000
Massage body dầu đá 40p DT,40,,24000
Massage body dầu đá 60p DT,60,,35000
Massage body dầu đá 90p DT,90,,40000
Massage body dầu đá 120p DT,120,,45000
Massage body Thái 40p DT,40,,24000
Massage body Thái 60p DT,60,,35000
Masage body Thái 90p DT,90,,40000
Massage body Thái 120p DT,120,,45000
Masage Genus 90p DT,90,,42000
Massage Genus 120p DT,120,,46000
Combo Thân an tâm an DT,120,,45000
Combo Thẩn thờ DT,90,,40000
Combo Trị liệu giảm stress 75p DT,75,,36000
Combo Trị liệu giảm stress 120p DT,120,,45000
Triệt nách DT,10,,5000
Triệt mép DT,10,,5000
Triệt trán DT,10,,5000
Triệt mặt DT,10,,5000
Triệt 1/2 tay DT,10,,5000
Triệt full tay DT,10,,9000
Triệt 1/2 chân DT,10,,9000
Triệt full chân DT,10,,12000
Triệt bikini DT,10,,9000
Happy hour 199k DT,90,,40000
Mụn + gội 199k DT,90,,17000
Mụn lưng DT,90,,20000
Nuôi Da DT,40,,8000
Combo Xuân 1 - 99K DT,60,,9900
Combo Xuân 2 - 199K DT,75,,19900
Up dầu gội cao cấp,,20000,
Massage Ngọc Thạch,,99000,
Up Massage mặt,,39000,
Tóc Nối,,40000,
